{
  "val_perplexity": 4.8451011653477834e+197,
  "tokens_per_sec_est": 8737.50760036716,
  "peak_mem_MB": null,
  "params_count": 7784752
}